Workbook

Sheet Jogadores
A1: ⚽ ESTATÍSTICAS DE JOGADORES — LIGA FICTÍCIA 2024/25
A2: ID | B2: Jogador | C2: Nacionalidade | D2: Clube | E2: Posição | F2: Idade | G2: Altura (cm) | H2: Peso (kg) | I2: Jogos | J2: Titulares | K2: Min. Jogados | L2: Gols | M2: Assistências | N2: Chutes | O2: Chutes no Gol | P2: Passes Certos (%) | Q2: Dribles Certos | R2: Cartões Amarelos
A3: 1 | B3: Carlos Almeida | C3: Brasil | D3: Fluminense FC | E3: Atacante | F3: 26 | G3: 190 | H3: 67.8 | I3: 17 | J3: 12 | K3: 848 | L3: 17 | M3: 1 | N3: 49 | O3: 13 | P3: 72.3 | Q3: 14 | R3: 8
A4: 2 | B4: Rodrigo Ferreira | C4: Brasil | D4: Santos FC | E4: Meia | F4: 24 | G4: 189 | H4: 65.7 | I4: 32 | J4: 32 | K4: 2336 | L4: 7 | M4: 9 | N4: 29 | O4: 14 | P4: 70.2 | Q4: 51 | R4: 2
A5: 3 | B5: Lucas Mendes | C5: Brasil | D5: Atlético Mineiro | E5: Defensor | F5: 22 | G5: 183 | H5: 73.5 | I5: 16 | J5: 13 | K5: 864 | L5: 3 | M5: 0 | N5: 30 | O5: 15 | P5: 85.1 | Q5: 51 | R5: 0
A6: 4 | B6: Pedro Souza | C6: Brasil | D6: Sport Club Recife | E6: Goleiro | F6: 30 | G6: 184 | H6: 78.4 | I6: 12 | J6: 12 | K6: 828 | L6: 1 | M6: 5 | N6: 10 | O6: 3 | P6: 75.7 | Q6: 18 | R6: 1
A7: 5 | B7: Thiago Costa | C7: Brasil | D7: Grêmio | E7: Atacante | F7: 30 | G7: 177 | H7: 86.7 | I7: 18 | J7: 17 | K7: 1393 | L7: 5 | M7: 5 | N7: 32 | O7: 10 | P7: 76.7 | Q7: 59 | R7: 10
A8: 6 | B8: Diego Rojas | C8: Argentina | D8: Boca Juniors | E8: Meia | F8: 23 | G8: 175 | H8: 80.2 | I8: 27 | J8: 22 | K8: 1625 | L8: 6 | M8: 4 | N8: 46 | O8: 15 | P8: 78.1 | Q8: 49 | R8: 0
A9: 7 | B9: Mateus Gomes | C9: Brasil | D9: Palmeiras | E9: Defensor | F9: 28 | G9: 177 | H9: 85.5 | I9: 22 | J9: 18 | K9: 1208 | L9: 2 | M9: 1 | N9: 38 | O9: 14 | P9: 92.9 | Q9: 29 | R9: 2
A10: 8 | B10: Felipe Torres | C10: Colômbia | D10: Millonarios | E10: Atacante | F10: 35 | G10: 176 | H10: 68.5 | I10: 27 | J10: 23 | K10: 2057 | L10: 18 | M10: 6 | N10: 46 | O10: 15 | P10: 94.9 | Q10: 32 | R10: 7
A11: 9 | B11: André Lima | C11: Brasil | D11: Flamengo | E11: Meia | F11: 21 | G11: 172 | H11: 83.9 | I11: 14 | J11: 8 | K11: 902 | L11: 1 | M11: 6 | N11: 30 | O11: 13 | P11: 81.7 | Q11: 16 | R11: 8
A12: 10 | B12: Bruno Carvalho | C12: Portugal | D12: Sporting CP | E12: Defensor | F12: 21 | G12: 174 | H12: 82 | I12: 31 | J12: 31 | K12: 2604 | L12: 2 | M12: 0 | N12: 25 | O12: 10 | P12: 81.3 | Q12: 46 | R12: 4
A13: 11 | B13: Santiago Herrera | C13: Uruguai | D13: Nacional | E13: Atacante | F13: 34 | G13: 188 | H13: 84 | I13: 13 | J13: 9 | K13: 942 | L13: 19 | M13: 3 | N13: 33 | O13: 12 | P13: 74 | Q13: 49 | R13: 8
A14: 12 | B14: Rafael Nunes | C14: Brasil | D14: Vasco da Gama | E14: Meia | F14: 33 | G14: 170 | H14: 80 | I14: 10 | J14: 3 | K14: 498 | L14: 4 | M14: 3 | N14: 12 | O14: 4 | P14: 84.2 | Q14: 5 | R14: 1
... A32: 30 | B32: Alan Teixeira | C32: Brasil | D32: Corinthians | E32: Defensor | F32: 28 | G32: 183 | H32: 65.6 | I32: 35 | J32: 33 | K32: 2855 | L32: 2 | M32: 1 | N32: 13 | O32: 5 | P32: 71 | Q32: 30 | R32: 3
A33: MÉDIAS / TOTAIS | F33: =AVERAGE(F3:F32) -> 28.4 | G33: =AVERAGE(G3:G32) -> 180.06667 | H33: =AVERAGE(H3:H32) -> 77.126667 | I33: =SUM(I3:I32) -> 681 | J33: =SUM(J3:J32) -> 572 | K33: =SUM(K3:K32) -> 45056 | L33: =SUM(L3:L32) -> 147 | M33: =SUM(M3:M32) -> 94 | N33: =SUM(N3:N32) -> 787 | O33: =SUM(O3:O32) -> 306 | P33: =AVERAGE(P3:P32) -> 81.61 | Q33: =SUM(Q3:Q32) -> 954 | R33: =SUM(R3:R32) -> 127

Sheet Resumo por Posição
A1: 📊 RESUMO ESTATÍSTICO POR POSIÇÃO
A2: Posição | B2: Qtd. Jogadores | C2: Média Gols | D2: Média Assistências | E2: Média Min. Jogados | F2: Média Passes (%) | G2: Média Cartões Amarelos
A3: Atacante | B3: =COUNTIF(Jogadores!E3:E32,"Atacante") -> 9 | C3: =AVERAGEIF(Jogadores!E3:E32,"Atacante",Jogadores!L3:L32) -> 9.6666667 | D3: =AVERAGEIF(Jogadores!E3:E32,"Atacante",Jogadores!M3:M32) -> 3.3333333 | E3: =AVERAGEIF(Jogadores!E3:E32,"Atacante",Jogadores!K3:K32) -> 1388.4444 | F3: =AVERAGEIF(Jogadores!E3:E32,"Atacante",Jogadores!P3:P32) -> 82.388889 | G3: =AVERAGEIF(Jogadores!E3:E32,"Atacante",Jogadores!R3:R32) -> 5.1111111
A4: Meia | B4: =COUNTIF(Jogadores!E3:E32,"Meia") -> 9 | C4: =AVERAGEIF(Jogadores!E3:E32,"Meia",Jogadores!L3:L32) -> 4.4444444 | D4: =AVERAGEIF(Jogadores!E3:E32,"Meia",Jogadores!M3:M32) -> 6 | E4: =AVERAGEIF(Jogadores!E3:E32,"Meia",Jogadores!K3:K32) -> 1334.2222 | F4: =AVERAGEIF(Jogadores!E3:E32,"Meia",Jogadores!P3:P32) -> 79.177778 | G4: =AVERAGEIF(Jogadores!E3:E32,"Meia",Jogadores!R3:R32) -> 3.8888889
A5: Defensor | B5: =COUNTIF(Jogadores!E3:E32,"Defensor") -> 9 | C5: =AVERAGEIF(Jogadores!E3:E32,"Defensor",Jogadores!L3:L32) -> 1.7777778 | D5: =AVERAGEIF(Jogadores!E3:E32,"Defensor",Jogadores!M3:M32) -> 0.55555556 | E5: =AVERAGEIF(Jogadores!E3:E32,"Defensor",Jogadores!K3:K32) -> 1823.1111 | F5: =AVERAGEIF(Jogadores!E3:E32,"Defensor",Jogadores!P3:P32) -> 83.633333 | G5: =AVERAGEIF(Jogadores!E3:E32,"Defensor",Jogadores!R3:R32) -> 3.2222222
A6: Goleiro | B6: =COUNTIF(Jogadores!E3:E32,"Goleiro") -> 3 | C6: =AVERAGEIF(Jogadores!E3:E32,"Goleiro",Jogadores!L3:L32) -> 1.3333333 | D6: =AVERAGEIF(Jogadores!E3:E32,"Goleiro",Jogadores!M3:M32) -> 1.6666667 | E6: =AVERAGEIF(Jogadores!E3:E32,"Goleiro",Jogadores!K3:K32) -> 1381.3333 | F6: =AVERAGEIF(Jogadores!E3:E32,"Goleiro",Jogadores!P3:P32) -> 80.5 | G6: =AVERAGEIF(Jogadores!E3:E32,"Goleiro",Jogadores!R3:R32) -> 5.6666667

Sheet Top 10 Artilheiros
A1: 🏆 TOP 10 ARTILHEIROS
A2: # | B2: Jogador | C2: Clube | D2: Posição | E2: Gols
A3: 1 | B3: =INDEX(Jogadores!B3:B32,MATCH(LARGE(Jogadores!L3:L32,1),Jogadores!L3:L32,0)) -> Santiago Herrera | C3: =INDEX(Jogadores!D3:D32,MATCH(LARGE(Jogadores!L3:L32,1),Jogadores!L3:L32,0)) -> Nacional | D3: =INDEX(Jogadores!E3:E32,MATCH(LARGE(Jogadores!L3:L32,1),Jogadores!L3:L32,0)) -> Atacante | E3: =LARGE(Jogadores!L3:L32,1) -> 19
A4: 2 | B4: =INDEX(Jogadores!B3:B32,MATCH(LARGE(Jogadores!L3:L32,2),Jogadores!L3:L32,0)) -> Felipe Torres | C4: =INDEX(Jogadores!D3:D32,MATCH(LARGE(Jogadores!L3:L32,2),Jogadores!L3:L32,0)) -> Millonarios | D4: =INDEX(Jogadores!E3:E32,MATCH(LARGE(Jogadores!L3:L32,2),Jogadores!L3:L32,0)) -> Atacante | E4: =LARGE(Jogadores!L3:L32,2) -> 18
A5: 3 | B5: =INDEX(Jogadores!B3:B32,MATCH(LARGE(Jogadores!L3:L32,3),Jogadores!L3:L32,0)) -> Carlos Almeida | C5: =INDEX(Jogadores!D3:D32,MATCH(LARGE(Jogadores!L3:L32,3),Jogadores!L3:L32,0)) -> Fluminense FC | D5: =INDEX(Jogadores!E3:E32,MATCH(LARGE(Jogadores!L3:L32,3),Jogadores!L3:L32,0)) -> Atacante | E5: =LARGE(Jogadores!L3:L32,3) -> 17
A6: 4 | B6: =INDEX(Jogadores!B3:B32,MATCH(LARGE(Jogadores!L3:L32,4),Jogadores!L3:L32,0)) -> Alessandro Greco | C6: =INDEX(Jogadores!D3:D32,MATCH(LARGE(Jogadores!L3:L32,4),Jogadores!L3:L32,0)) -> AC Fiorentina | D6: =INDEX(Jogadores!E3:E32,MATCH(LARGE(Jogadores!L3:L32,4),Jogadores!L3:L32,0)) -> Atacante | E6: =LARGE(Jogadores!L3:L32,4) -> 16
A7: 5 | B7: =INDEX(Jogadores!B3:B32,MATCH(LARGE(Jogadores!L3:L32,5),Jogadores!L3:L32,0)) -> Rodrigo Ferreira | C7: =INDEX(Jogadores!D3:D32,MATCH(LARGE(Jogadores!L3:L32,5),Jogadores!L3:L32,0)) -> Santos FC | D7: =INDEX(Jogadores!E3:E32,MATCH(LARGE(Jogadores!L3:L32,5),Jogadores!L3:L32,0)) -> Meia | E7: =LARGE(Jogadores!L3:L32,5) -> 7
A8: 6 | B8: =INDEX(Jogadores!B3:B32,MATCH(LARGE(Jogadores!L3:L32,6),Jogadores!L3:L32,0)) -> Rodrigo Ferreira | C8: =INDEX(Jogadores!D3:D32,MATCH(LARGE(Jogadores!L3:L32,6),Jogadores!L3:L32,0)) -> Santos FC | D8: =INDEX(Jogadores!E3:E32,MATCH(LARGE(Jogadores!L3:L32,6),Jogadores!L3:L32,0)) -> Meia | E8: =LARGE(Jogadores!L3:L32,6) -> 7
A9: 7 | B9: =INDEX(Jogadores!B3:B32,MATCH(LARGE(Jogadores!L3:L32,7),Jogadores!L3:L32,0)) -> Diego Rojas | C9: =INDEX(Jogadores!D3:D32,MATCH(LARGE(Jogadores!L3:L32,7),Jogadores!L3:L32,0)) -> Boca Juniors | D9: =INDEX(Jogadores!E3:E32,MATCH(LARGE(Jogadores!L3:L32,7),Jogadores!L3:L32,0)) -> Meia | E9: =LARGE(Jogadores!L3:L32,7) -> 6
A10: 8 | B10: =INDEX(Jogadores!B3:B32,MATCH(LARGE(Jogadores!L3:L32,8),Jogadores!L3:L32,0)) -> Diego Rojas | C10: =INDEX(Jogadores!D3:D32,MATCH(LARGE(Jogadores!L3:L32,8),Jogadores!L3:L32,0)) -> Boca Juniors | D10: =INDEX(Jogadores!E3:E32,MATCH(LARGE(Jogadores!L3:L32,8),Jogadores!L3:L32,0)) -> Meia | E10: =LARGE(Jogadores!L3:L32,8) -> 6
A11: 9 | B11: =INDEX(Jogadores!B3:B32,MATCH(LARGE(Jogadores!L3:L32,9),Jogadores!L3:L32,0)) -> Diego Rojas | C11: =INDEX(Jogadores!D3:D32,MATCH(LARGE(Jogadores!L3:L32,9),Jogadores!L3:L32,0)) -> Boca Juniors | D11: =INDEX(Jogadores!E3:E32,MATCH(LARGE(Jogadores!L3:L32,9),Jogadores!L3:L32,0)) -> Meia | E11: =LARGE(Jogadores!L3:L32,9) -> 6
A12: 10 | B12: =INDEX(Jogadores!B3:B32,MATCH(LARGE(Jogadores!L3:L32,10),Jogadores!L3:L32,0)) -> Diego Rojas | C12: =INDEX(Jogadores!D3:D32,MATCH(LARGE(Jogadores!L3:L32,10),Jogadores!L3:L32,0)) -> Boca Juniors | D12: =INDEX(Jogadores!E3:E32,MATCH(LARGE(Jogadores!L3:L32,10),Jogadores!L3:L32,0)) -> Meia | E12: =LARGE(Jogadores!L3:L32,10) -> 6
